period_id,permno,eligible_A,eligible_B,membership
1,10006,FALSE,TRUE,B only
1,10014,FALSE,TRUE,B only
1,10022,FALSE,TRUE,B only
1,10073,FALSE,TRUE,B only
1,10153,FALSE,TRUE,B only
1,10161,FALSE,TRUE,B only
1,10209,FALSE,TRUE,B only
1,10233,FALSE,TRUE,B only
1,10276,FALSE,TRUE,B only
1,10284,FALSE,TRUE,B only
1,10292,FALSE,TRUE,B only
1,10348,FALSE,TRUE,B only
1,10452,FALSE,TRUE,B only
1,10479,FALSE,TRUE,B only
1,10532,FALSE,TRUE,B only
1,10567,FALSE,TRUE,B only
1,10620,FALSE,TRUE,B only
1,10639,FALSE,TRUE,B only
1,10727,FALSE,TRUE,B only
1,10735,FALSE,TRUE,B only
1,10807,FALSE,TRUE,B only
1,10823,FALSE,TRUE,B only
1,10866,FALSE,TRUE,B only
1,10903,FALSE,TRUE,B only
1,10911,FALSE,TRUE,B only
1,10962,FALSE,TRUE,B only
1,11017,FALSE,TRUE,B only
1,11076,FALSE,TRUE,B only
1,11084,FALSE,TRUE,B only
1,11228,FALSE,TRUE,B only
1,11244,FALSE,TRUE,B only
1,11316,FALSE,TRUE,B only
1,11332,FALSE,TRUE,B only
1,11375,FALSE,TRUE,B only
1,11420,FALSE,TRUE,B only
1,11439,FALSE,TRUE,B only
1,11455,FALSE,TRUE,B only
1,11463,FALSE,TRUE,B only
1,11527,FALSE,TRUE,B only
1,11770,FALSE,TRUE,B only
1,11826,FALSE,TRUE,B only
1,11842,FALSE,TRUE,B only
1,11869,FALSE,TRUE,B only
1,11906,FALSE,TRUE,B only
1,12044,FALSE,TRUE,B only
1,12052,FALSE,TRUE,B only
1,12212,FALSE,TRUE,B only
1,12220,FALSE,TRUE,B only
1,12239,FALSE,TRUE,B only
1,12271,FALSE,TRUE,B only
1,12298,FALSE,TRUE,B only
1,12300,FALSE,TRUE,B only
1,12319,FALSE,TRUE,B only
1,12474,FALSE,TRUE,B only
1,12490,FALSE,TRUE,B only
1,12538,FALSE,TRUE,B only
1,12554,FALSE,TRUE,B only
1,12562,FALSE,TRUE,B only
1,12618,FALSE,TRUE,B only
1,12650,FALSE,TRUE,B only
1,12722,FALSE,TRUE,B only
1,12757,FALSE,TRUE,B only
1,12781,FALSE,TRUE,B only
1,12829,FALSE,TRUE,B only
1,12861,FALSE,TRUE,B only
1,12917,FALSE,TRUE,B only
1,12925,FALSE,TRUE,B only
1,13004,FALSE,TRUE,B only
1,13055,FALSE,TRUE,B only
1,13127,FALSE,TRUE,B only
1,13194,FALSE,TRUE,B only
1,13282,FALSE,TRUE,B only
1,13303,FALSE,TRUE,B only
1,13338,FALSE,TRUE,B only
1,13362,FALSE,TRUE,B only
1,13418,FALSE,TRUE,B only
1,13450,FALSE,TRUE,B only
1,13530,FALSE,TRUE,B only
1,13581,FALSE,TRUE,B only
1,13637,FALSE,TRUE,B only
1,13653,FALSE,TRUE,B only
1,13776,FALSE,TRUE,B only
1,13821,FALSE,TRUE,B only
1,13848,FALSE,TRUE,B only
1,13856,FALSE,TRUE,B only
1,13864,FALSE,TRUE,B only
1,13901,FALSE,TRUE,B only
1,13936,FALSE,TRUE,B only
1,13944,FALSE,TRUE,B only
1,13960,FALSE,TRUE,B only
1,13987,FALSE,TRUE,B only
1,13995,FALSE,TRUE,B only
1,14170,FALSE,TRUE,B only
1,14197,FALSE,TRUE,B only
1,14306,FALSE,TRUE,B only
1,14517,FALSE,TRUE,B only
1,14656,FALSE,TRUE,B only
1,14701,FALSE,TRUE,B only
1,14728,FALSE,TRUE,B only
1,14744,FALSE,TRUE,B only
1,14816,FALSE,TRUE,B only
1,14832,FALSE,TRUE,B only
1,14840,FALSE,TRUE,B only
1,14875,FALSE,TRUE,B only
1,14920,FALSE,TRUE,B only
1,14971,FALSE,TRUE,B only
1,15018,FALSE,TRUE,B only
1,15026,FALSE,TRUE,B only
1,15034,FALSE,TRUE,B only
1,15130,FALSE,TRUE,B only
1,15173,FALSE,TRUE,B only
1,15202,FALSE,TRUE,B only
1,15253,FALSE,TRUE,B only
1,15333,FALSE,TRUE,B only
1,15480,FALSE,TRUE,B only
1,17507,FALSE,TRUE,B only
1,18227,FALSE,TRUE,B only
1,18593,FALSE,TRUE,B only
1,19334,FALSE,TRUE,B only
1,25566,FALSE,TRUE,B only
1,75471,FALSE,TRUE,B only
2,10022,FALSE,TRUE,B only
2,10209,FALSE,TRUE,B only
2,10276,FALSE,TRUE,B only
2,10284,FALSE,TRUE,B only
2,10292,FALSE,TRUE,B only
2,10444,FALSE,TRUE,B only
2,10479,FALSE,TRUE,B only
2,10620,FALSE,TRUE,B only
2,10639,FALSE,TRUE,B only
2,10727,FALSE,TRUE,B only
2,11076,FALSE,TRUE,B only
2,11084,FALSE,TRUE,B only
2,11180,FALSE,TRUE,B only
2,11244,FALSE,TRUE,B only
2,11316,FALSE,TRUE,B only
2,11332,FALSE,TRUE,B only
2,11391,FALSE,TRUE,B only
2,11498,FALSE,TRUE,B only
2,11797,FALSE,TRUE,B only
2,12212,FALSE,TRUE,B only
2,12271,FALSE,TRUE,B only
2,12431,FALSE,TRUE,B only
2,12554,FALSE,TRUE,B only
2,12618,FALSE,TRUE,B only
2,12650,FALSE,TRUE,B only
2,12722,FALSE,TRUE,B only
2,12781,FALSE,TRUE,B only
2,12861,FALSE,TRUE,B only
2,13004,FALSE,TRUE,B only
2,13338,FALSE,TRUE,B only
2,13418,FALSE,TRUE,B only
2,13450,FALSE,TRUE,B only
2,13653,FALSE,TRUE,B only
2,13696,FALSE,TRUE,B only
2,13725,FALSE,TRUE,B only
2,13848,FALSE,TRUE,B only
2,13864,FALSE,TRUE,B only
2,13901,FALSE,TRUE,B only
2,13936,FALSE,TRUE,B only
2,13987,FALSE,TRUE,B only
2,14197,FALSE,TRUE,B only
2,14373,FALSE,TRUE,B only
2,14656,FALSE,TRUE,B only
2,14840,FALSE,TRUE,B only
2,14920,FALSE,TRUE,B only
2,15173,FALSE,TRUE,B only
2,15296,FALSE,TRUE,B only
2,15333,FALSE,TRUE,B only
2,15472,FALSE,TRUE,B only
2,15480,FALSE,TRUE,B only
2,15579,FALSE,TRUE,B only
2,15608,FALSE,TRUE,B only
2,15747,FALSE,TRUE,B only
2,15763,FALSE,TRUE,B only
2,15798,FALSE,TRUE,B only
2,16029,FALSE,TRUE,B only
2,16061,FALSE,TRUE,B only
2,16117,FALSE,TRUE,B only
2,16168,FALSE,TRUE,B only
2,16272,FALSE,TRUE,B only
2,16299,FALSE,TRUE,B only
2,16512,FALSE,TRUE,B only
2,16600,FALSE,TRUE,B only
2,16731,FALSE,TRUE,B only
2,16782,FALSE,TRUE,B only
2,16950,FALSE,TRUE,B only
2,17005,FALSE,TRUE,B only
2,17208,FALSE,TRUE,B only
2,17224,FALSE,TRUE,B only
2,17291,FALSE,TRUE,B only
2,17312,FALSE,TRUE,B only
2,17398,FALSE,TRUE,B only
2,17419,FALSE,TRUE,B only
2,17515,FALSE,TRUE,B only
2,17531,FALSE,TRUE,B only
2,17646,FALSE,TRUE,B only
2,17777,FALSE,TRUE,B only
2,17822,FALSE,TRUE,B only
2,17865,FALSE,TRUE,B only
2,17873,FALSE,TRUE,B only
2,17902,FALSE,TRUE,B only
2,17945,FALSE,TRUE,B only
2,18024,FALSE,TRUE,B only
2,18032,FALSE,TRUE,B only
2,18147,FALSE,TRUE,B only
2,18155,FALSE,TRUE,B only
2,18227,FALSE,TRUE,B only
2,18235,FALSE,TRUE,B only
2,18294,FALSE,TRUE,B only
2,18323,FALSE,TRUE,B only
2,18366,FALSE,TRUE,B only
2,18438,FALSE,TRUE,B only
2,18526,FALSE,TRUE,B only
2,18614,FALSE,TRUE,B only
2,19473,FALSE,TRUE,B only
2,26972,FALSE,TRUE,B only
2,75471,FALSE,TRUE,B only
3,10209,FALSE,TRUE,B only
3,10292,FALSE,TRUE,B only
3,11068,FALSE,TRUE,B only
3,11076,FALSE,TRUE,B only
3,11244,FALSE,TRUE,B only
3,12212,FALSE,TRUE,B only
3,12271,FALSE,TRUE,B only
3,12431,FALSE,TRUE,B only
3,12618,FALSE,TRUE,B only
3,12781,FALSE,TRUE,B only
3,13338,FALSE,TRUE,B only
3,13653,FALSE,TRUE,B only
3,13696,FALSE,TRUE,B only
3,13848,FALSE,TRUE,B only
3,14269,FALSE,TRUE,B only
3,14445,FALSE,TRUE,B only
3,14656,FALSE,TRUE,B only
3,14920,FALSE,TRUE,B only
3,15245,FALSE,TRUE,B only
3,15579,FALSE,TRUE,B only
3,16061,FALSE,TRUE,B only
3,16117,FALSE,TRUE,B only
3,17419,FALSE,TRUE,B only
3,17777,FALSE,TRUE,B only
3,17865,FALSE,TRUE,B only
3,17945,FALSE,TRUE,B only
3,18155,FALSE,TRUE,B only
3,18489,FALSE,TRUE,B only
3,18526,FALSE,TRUE,B only
3,18614,FALSE,TRUE,B only
3,19094,FALSE,TRUE,B only
3,19166,FALSE,TRUE,B only
3,19262,FALSE,TRUE,B only
3,26972,FALSE,TRUE,B only
4,10292,FALSE,TRUE,B only
4,11068,FALSE,TRUE,B only
4,12271,FALSE,TRUE,B only
4,12431,FALSE,TRUE,B only
4,12845,FALSE,TRUE,B only
4,13338,FALSE,TRUE,B only
4,13653,FALSE,TRUE,B only
4,13821,FALSE,TRUE,B only
4,13848,FALSE,TRUE,B only
4,14250,FALSE,TRUE,B only
4,14656,FALSE,TRUE,B only
4,15202,FALSE,TRUE,B only
4,15325,FALSE,TRUE,B only
4,15384,FALSE,TRUE,B only
4,15851,FALSE,TRUE,B only
4,16723,FALSE,TRUE,B only
4,16934,FALSE,TRUE,B only
4,17945,FALSE,TRUE,B only
4,18286,FALSE,TRUE,B only
4,18438,FALSE,TRUE,B only
4,19035,FALSE,TRUE,B only
4,19094,FALSE,TRUE,B only
4,20140,FALSE,TRUE,B only
4,20490,FALSE,TRUE,B only
4,20546,FALSE,TRUE,B only
5,11068,FALSE,TRUE,B only
5,16870,FALSE,TRUE,B only
5,16934,FALSE,TRUE,B only
5,17945,FALSE,TRUE,B only
5,20327,FALSE,TRUE,B only
5,20546,FALSE,TRUE,B only
6,10698,FALSE,TRUE,B only
6,16934,FALSE,TRUE,B only
6,18390,FALSE,TRUE,B only
7,10647,FALSE,TRUE,B only
7,11244,FALSE,TRUE,B only
7,11391,FALSE,TRUE,B only
7,13055,FALSE,TRUE,B only
7,16117,FALSE,TRUE,B only
7,16782,FALSE,TRUE,B only
7,16969,FALSE,TRUE,B only
7,17267,FALSE,TRUE,B only
7,19633,FALSE,TRUE,B only
7,19799,FALSE,TRUE,B only
7,20140,FALSE,TRUE,B only
7,20511,FALSE,TRUE,B only
7,21311,FALSE,TRUE,B only
7,23018,FALSE,TRUE,B only
7,24037,FALSE,TRUE,B only
7,24045,FALSE,TRUE,B only
8,11244,FALSE,TRUE,B only
8,12124,FALSE,TRUE,B only
8,12300,FALSE,TRUE,B only
8,12562,FALSE,TRUE,B only
8,12810,FALSE,TRUE,B only
8,14437,FALSE,TRUE,B only
8,14920,FALSE,TRUE,B only
8,16782,FALSE,TRUE,B only
8,17646,FALSE,TRUE,B only
8,17881,FALSE,TRUE,B only
8,20140,FALSE,TRUE,B only
8,20175,FALSE,TRUE,B only
8,20482,FALSE,TRUE,B only
8,20511,FALSE,TRUE,B only
8,21696,FALSE,TRUE,B only
8,23034,FALSE,TRUE,B only
8,23720,FALSE,TRUE,B only
8,23755,FALSE,TRUE,B only
8,23886,FALSE,TRUE,B only
8,24045,FALSE,TRUE,B only
8,24125,FALSE,TRUE,B only
8,24256,FALSE,TRUE,B only
8,24299,FALSE,TRUE,B only
8,24870,FALSE,TRUE,B only
8,27692,FALSE,TRUE,B only
9,10698,FALSE,TRUE,B only
9,10866,FALSE,TRUE,B only
9,12562,FALSE,TRUE,B only
9,14437,FALSE,TRUE,B only
9,16117,FALSE,TRUE,B only
9,17822,FALSE,TRUE,B only
9,18200,FALSE,TRUE,B only
9,18710,FALSE,TRUE,B only
9,19828,FALSE,TRUE,B only
9,19940,FALSE,TRUE,B only
9,20140,FALSE,TRUE,B only
9,21071,FALSE,TRUE,B only
9,22090,FALSE,TRUE,B only
9,22293,FALSE,TRUE,B only
9,22648,FALSE,TRUE,B only
9,22795,FALSE,TRUE,B only
9,23640,FALSE,TRUE,B only
9,24045,FALSE,TRUE,B only
9,24053,FALSE,TRUE,B only
9,24096,FALSE,TRUE,B only
9,24256,FALSE,TRUE,B only
9,24299,FALSE,TRUE,B only
9,24467,FALSE,TRUE,B only
9,58843,FALSE,TRUE,B only
