period_id,formation_start,formation_end,estimation_start,estimation_end,testing_start,testing_end,n_available,n_eligible
1,1926-01-01,1929-12-31,1930-01-01,1934-12-31,1935-01-01,1938-12-31,690,269
2,1927-01-01,1933-12-31,1934-01-01,1938-12-31,1939-01-01,1942-12-31,761,465
3,1931-01-01,1937-12-31,1938-01-01,1942-12-31,1943-01-01,1946-12-31,789,554
4,1935-01-01,1941-12-31,1942-01-01,1946-12-31,1947-01-01,1950-12-31,894,662
5,1939-01-01,1945-12-31,1946-01-01,1950-12-31,1951-01-01,1954-12-31,996,727
6,1943-01-01,1949-12-31,1950-01-01,1954-12-31,1955-01-01,1958-12-31,1036,784
7,1947-01-01,1953-12-31,1954-01-01,1958-12-31,1959-01-01,1962-12-31,1041,823
8,1951-01-01,1957-12-31,1958-01-01,1962-12-31,1963-01-01,1966-12-31,1139,820
9,1955-01-01,1961-12-31,1962-01-01,1966-12-31,1967-01-01,1968-06-30,1229,797
